"Flask","MC.Red","MC.Blue","Undefined","TotalMeso","MeanAll.Ch1.Peak","StD.Ch1.Peak","MeanAll.Ch2.Peak","StD.Ch2.Peak","Fluo.Ch1.Peak","Fluo.Ch1.SD","Fluo.Ch2.Peak","Fluo.Ch2.SD","Ch1.2Ratio","Time","Dilution","Aspirated.vol","Meso","Prey","Replicate","Red.Ch1.Peak","Red.Ch2.Peak","Blue.Ch1.Peak","Medium"
"Flask01",NA,NA,NA,NA,NA,NA,NA,NA,NA,NA,NA,NA,NA,1.05,5,0.986,"0000","TA+HP","A",NA,NA,NA,"F2"
"Flask02",122,150,20,292,6.049,0.355,5.768,0.71,6.132,0.143,5.908,0.174,1.038,1.04,5,0.987,"MRTA","TA+HP","A",6.258,6.06,6.03,"F2"
"Flask03",NA,NA,NA,NA,NA,NA,NA,NA,NA,NA,NA,NA,NA,1.04,5,0.985,"0000","TA+HP","B",NA,NA,NA,"F2"
"Flask04",166,155,28,349,6.018,0.476,5.772,0.516,6.123,0.147,5.892,0.156,1.039,1.04,5,0.959,"MRTA","TA+HP","B",6.231,6.012,6.008,"F2"
"Flask05",NA,NA,NA,NA,NA,NA,NA,NA,NA,NA,NA,NA,NA,1.04,5,0.96,"0000","TA+HP","C",NA,NA,NA,"F2"
"Flask06",209,135,27,371,6.011,0.372,5.73,0.631,6.104,0.146,5.874,0.152,1.039,1.04,5,0.959,"MRTA","TA+HP","C",6.193,5.97,5.966,"F2"
