"Flask","MC.Red","MC.Blue","Undefined","TotalMeso","MeanAll.Ch1.Peak","StD.Ch1.Peak","MeanAll.Ch2.Peak","StD.Ch2.Peak","Fluo.Ch1.Peak","Fluo.Ch1.SD","Fluo.Ch2.Peak","Fluo.Ch2.SD","Ch1.2Ratio","Time","Dilution","Aspirated.vol","Meso","Prey","Replicate","Red.Ch1.Peak","Red.Ch2.Peak","Blue.Ch1.Peak","Medium"
"Flask01",NA,NA,NA,NA,NA,NA,NA,NA,NA,NA,NA,NA,NA,2.04,5,0.986,"0000","TA+HP","A",NA,NA,NA,"F2"
"Flask02",225,187,37,449,6.013,0.402,5.72,0.756,6.119,0.15,5.895,0.156,1.038,2.03,5,0.959,"MRTA","TA+HP","A",6.22,6.006,5.997,"F2"
"Flask03",NA,NA,NA,NA,NA,NA,NA,NA,NA,NA,NA,NA,NA,2.03,5,0.986,"0000","TA+HP","B",NA,NA,NA,"F2"
"Flask04",231,193,34,458,6.028,0.332,5.756,0.563,6.108,0.148,5.876,0.156,1.04,2.03,5,0.986,"MRTA","TA+HP","B",6.209,5.986,5.988,"F2"
"Flask05",NA,NA,NA,NA,NA,NA,NA,NA,NA,NA,NA,NA,NA,2.03,10,0.959,"0000","TA_HP","C",NA,NA,NA,"F2"
"Flask06",219,181,30,430,5.995,0.465,5.718,0.672,6.094,0.148,5.856,0.152,1.041,2.03,5,0.986,"MRTA","TA+HP","C",6.198,5.967,5.969,"F2"
