"Flask","MC.Red","MC.Blue","Undefined","TotalMeso","MeanAll.Ch1.Peak","StD.Ch1.Peak","MeanAll.Ch2.Peak","StD.Ch2.Peak","Fluo.Ch1.Peak","Fluo.Ch1.SD","Fluo.Ch2.Peak","Fluo.Ch2.SD","Ch1.2Ratio","Time","Dilution","Aspirated.vol","Meso","Prey","Replicate","Red.Ch1.Peak","Red.Ch2.Peak","Blue.Ch1.Peak","Medium"
"Flask01",NA,NA,NA,NA,NA,NA,NA,NA,NA,NA,NA,NA,NA,4.05,20,0.985,"0000","TA+HP","A",NA,NA,NA,"F2"
"Flask02",316,263,33,612,6.04,0.316,5.76,0.651,6.103,0.154,5.87,0.162,1.04,4.04,5,0.958,"MRTA","TA+HP","A",6.211,5.989,5.973,"F2"
"Flask03",NA,NA,NA,NA,NA,NA,NA,NA,NA,NA,NA,NA,NA,4.04,25,0.959,"0000","TA+HP","B",NA,NA,NA,"F2"
"Flask04",300,260,29,589,6.024,0.415,5.742,0.685,6.098,0.154,5.864,0.165,1.04,4.04,5,0.986,"MRTA","TA+HP","B",6.2,5.981,5.98,"F2"
"Flask05",NA,NA,NA,NA,NA,NA,NA,NA,NA,NA,NA,NA,NA,4.04,25,0.96,"0000","TA+HP","C",NA,NA,NA,"F2"
