"Flask","MC.Red","MC.Blue","Undefined","TotalMeso","MeanAll.Ch1.Peak","StD.Ch1.Peak","MeanAll.Ch2.Peak","StD.Ch2.Peak","Fluo.Ch1.Peak","Fluo.Ch1.SD","Fluo.Ch2.Peak","Fluo.Ch2.SD","Ch1.2Ratio","Time","Dilution","Aspirated.vol","Meso","Prey","Replicate","Red.Ch1.Peak","Red.Ch2.Peak","Blue.Ch1.Peak","Medium"
"Flask01",NA,NA,NA,NA,NA,NA,NA,NA,NA,NA,NA,NA,NA,3.05,10,0.959,"0000","TA+HP","A",NA,NA,NA,"F2"
"Flask02",246,201,40,487,6,0.369,5.72,0.586,6.096,0.145,5.857,0.153,1.041,3.04,5,0.986,"MRTA","TA+HP","A",6.195,5.967,5.974,"F2"
"Flask03",NA,NA,NA,NA,NA,NA,NA,NA,NA,NA,NA,NA,NA,3.04,20,0.959,"0000","TA+HP","B",NA,NA,NA,"F2"
"Flask04",314,229,34,577,6.04,0.33,5.775,0.511,6.111,0.143,5.876,0.15,1.04,3.04,5,0.96,"MRTA","TA+HP","B",6.201,5.974,5.989,"F2"
"Flask05",NA,NA,NA,NA,NA,NA,NA,NA,NA,NA,NA,NA,NA,3.04,20,0.96,"0000","TA+HP","C",NA,NA,NA,"F2"
"Flask06",256,276,36,568,6.027,0.389,5.753,0.545,6.101,0.14,5.856,0.146,1.042,3.04,5,0.96,"MRTA","TA+HP","C",6.207,5.975,6.003,"F2"
