"Flask","MC.Red","MC.Blue","Undefined","TotalMeso","MeanAll.Ch1.Peak","StD.Ch1.Peak","MeanAll.Ch2.Peak","StD.Ch2.Peak","Fluo.Ch1.Peak","Fluo.Ch1.SD","Fluo.Ch2.Peak","Fluo.Ch2.SD","Ch1.2Ratio","Time","Dilution","Aspirated.vol","Meso","Prey","Replicate","Red.Ch1.Peak","Red.Ch2.Peak","Blue.Ch1.Peak","Medium"
"Flask01",NA,NA,NA,NA,NA,NA,NA,NA,NA,NA,NA,NA,NA,0,2,0.199,"0000","TA+HP","A",NA,NA,NA,"F2"
"Flask02",118,104,16,238,6.026,0.33,5.729,0.815,6.102,0.135,5.884,0.147,1.037,0,5,0.958,"MRTA","TA+HP","A",6.199,5.99,5.992,"F2"
"Flask03",NA,NA,NA,NA,NA,NA,NA,NA,NA,NA,NA,NA,NA,0,5,0.962,"0000","TA+HP","B",NA,NA,NA,"F2"
"Flask04",93,158,12,263,6.058,0.277,5.829,0.349,6.109,0.137,5.891,0.162,1.037,0,5,0.957,"MRTA","TA+HP","B",6.237,6.048,6.034,"F2"
"Flask05",NA,NA,NA,NA,NA,NA,NA,NA,NA,NA,NA,NA,NA,0,5,0.986,"0000","TA+HP","C",NA,NA,NA,"F2"
"Flask06",135,137,26,298,5.976,0.512,5.751,0.556,6.097,0.132,5.888,0.162,1.036,0,5,0.96,"MRTA","TA+HP","C",6.195,6.005,6.001,"F2"
