"Flask","Day","Time","Dilution","Aspirated.vol","Meso","Prey","Replicate","Medium","M.Red","M.Blue","M.Undefined","M.Nonfluorescent","M.TotRed","M.TotBlue","TotalMeso","M.Red.meanCh1peak","M.Blue.meanCh1peak","M.Undefined.meanCh1peak","M.Nonfluorescent.meanCh1peak","M.Red.sdCh1peak","M.Blue.sdCh1peak","M.Undefined.sdCh1peak","M.Nonfluorescent.sdCh1peak","M.Red.meanCh2peak","M.Blue.meanCh2peak","M.Undefined.meanCh2peak","M.Nonfluorescent.meanCh2peak","M.Red.sdCh2peak","M.Blue.sdCh2peak","M.Undefined.sdCh2peak","M.Nonfluorescent.sdCh2peak","C.Red","C.Blue","C.Undefined","C.Nonfluorescent","C.TotRed","C.TotBlue","TotalCrypto","C.Red.meanCh1peak","C.Blue.meanCh1peak","C.Undefined.meanCh1peak","C.Nonfluorescent.meanCh1peak","C.Red.sdCh1peak","C.Blue.sdCh1peak","C.Undefined.sdCh1peak","C.Nonfluorescent.sdCh1peak","C.Red.meanCh2peak","C.Blue.meanCh2peak","C.Undefined.meanCh2peak","C.Nonfluorescent.meanCh2peak","C.Red.sdCh2peak","C.Blue.sdCh2peak","C.Undefined.sdCh2peak","C.Nonfluorescent.sdCh2peak"
"Flask01","D4",4.05,20,0.985,"0000","TA+HP","A","F2",NA,NA,NA,NA,NA,NA,NA,NA,NA,NA,NA,NA,NA,NA,NA,NA,NA,NA,NA,NA,NA,NA,NA,2019,876,0,42,2048.29119170984,888.708808290155,2937,5.35550767706786,4.95115296803653,NA,4.09190476190476,0.132483996136934,0.204664284000571,NA,1.1705517525264,5.14364536899455,3.98692922374429,NA,0.300238095238095,0.136756223478709,0.287156382704362,NA,1.09573561012401
"Flask02","D4",4.04,5,0.958,"MRTA","TA+HP","A","F2",581,0,25,6,612,0,612,6.10075731497418,NA,5.0296,4.41166666666667,0.157409343265452,NA,0.341070373969948,0.153025052415174,5.86874354561102,NA,4.6204,0,0.164580882475373,NA,0.442375029433926,0,646,215,0,7,651.252032520325,216.747967479675,868,5.49075851393189,4.91437209302326,NA,4.37142857142857,0.275193317050226,0.238718250152516,NA,0.214897539262208,5.26475232198142,4.01539534883721,NA,0,0.35425893908952,0.334864607842845,NA,0
"Flask03","D4",4.04,25,0.959,"0000","TA+HP","B","F2",NA,NA,NA,NA,NA,NA,NA,NA,NA,NA,NA,NA,NA,NA,NA,NA,NA,NA,NA,NA,NA,NA,NA,1902,692,0,31,1924.7301464919,700.269853508096,2625,5.34734490010515,4.96799132947977,NA,4.16258064516129,0.12607182088733,0.198054604977487,NA,1.11973201479025,5.09804416403786,3.98797687861272,NA,0.281290322580645,0.138880176651359,0.271060434650798,NA,1.08883038757339
"Flask04","D4",4.04,5,0.986,"MRTA","TA+HP","B","F2",563,0,19,7,589,0,589,6.0936944937833,NA,4.68368421052632,4.04571428571429,0.163052048612755,NA,0.349272426724721,1.81824876500125,5.85985790408526,NA,4.14315789473684,0.604285714285714,0.176053962086679,NA,0.345447417313627,1.59878972082903,486,210,0,10,492.98275862069,213.01724137931,706,5.5270987654321,4.97290476190476,NA,4.087,0.304542954020994,0.190992473300909,NA,1.46424079683333,5.29364197530864,4.04266666666667,NA,0.423,0.367467380426807,0.281651882816534,NA,1.33764345025122
"Flask05","D4",4.04,25,0.96,"0000","TA+HP","C","F2",NA,NA,NA,NA,NA,NA,NA,NA,NA,NA,NA,NA,NA,NA,NA,NA,NA,NA,NA,NA,NA,NA,NA,1492,572,0,47,1525.97480620155,585.02519379845,2111,5.35639410187668,4.94784965034965,NA,4.50978723404255,0.126112488160709,0.241399361248297,NA,0.270245374506546,5.13657506702413,3.99097902097902,NA,0,0.129745142001154,0.310981305851143,NA,0
