"Flask","Day","Time","Dilution","Aspirated.vol","Meso","Prey","Replicate","Medium","M.Red","M.Blue","M.Undefined","M.Nonfluorescent","M.TotRed","M.TotBlue","TotalMeso","M.Red.meanCh1peak","M.Blue.meanCh1peak","M.Undefined.meanCh1peak","M.Nonfluorescent.meanCh1peak","M.Red.sdCh1peak","M.Blue.sdCh1peak","M.Undefined.sdCh1peak","M.Nonfluorescent.sdCh1peak","M.Red.meanCh2peak","M.Blue.meanCh2peak","M.Undefined.meanCh2peak","M.Nonfluorescent.meanCh2peak","M.Red.sdCh2peak","M.Blue.sdCh2peak","M.Undefined.sdCh2peak","M.Nonfluorescent.sdCh2peak","C.Red","C.Blue","C.Undefined","C.Nonfluorescent","C.TotRed","C.TotBlue","TotalCrypto","C.Red.meanCh1peak","C.Blue.meanCh1peak","C.Undefined.meanCh1peak","C.Nonfluorescent.meanCh1peak","C.Red.sdCh1peak","C.Blue.sdCh1peak","C.Undefined.sdCh1peak","C.Nonfluorescent.sdCh1peak","C.Red.meanCh2peak","C.Blue.meanCh2peak","C.Undefined.meanCh2peak","C.Nonfluorescent.meanCh2peak","C.Red.sdCh2peak","C.Blue.sdCh2peak","C.Undefined.sdCh2peak","C.Nonfluorescent.sdCh2peak"
"Flask01","D3",2.93,5,0.563,"MRTA","00","A","F2",275,0,2,0,277,0,277,6.1284,NA,4.475,NA,0.173664833666908,NA,0.190918830920368,NA,5.97381818181818,NA,3.845,NA,0.210230069566575,NA,0.247487373415291,NA,NA,NA,NA,NA,NA,NA,NA,NA,NA,NA,NA,NA,NA,NA,NA,NA,NA,NA,NA,NA,NA,NA,NA
"Flask02","D3",2.93,10,0.984,"MRTA","HP","A","F2",531,0,10,1,542,0,542,6.10065913370998,NA,4.885,4.22,0.134389389905781,NA,0.326232704948136,NA,5.85828625235405,NA,4.1,0,0.159504778952729,NA,0.338296385503074,NA,48,91,0,1,48.3453237410072,91.6546762589928,140,6.10125,4.95,NA,4.2,0.157475090904305,0.189713233885017,NA,NA,5.93208333333333,3.85428571428571,NA,0,0.202987876520211,0.221194448680305,NA,NA
"Flask03","D3",2.93,5,0.396,"MRTA","00","B","F2",181,0,2,0,183,0,183,6.13011049723757,NA,4.465,NA,0.154721933194418,NA,0.388908729652601,NA,5.93508287292818,NA,4.435,NA,0.167307497290104,NA,0.0494974746830579,NA,NA,NA,NA,NA,NA,NA,NA,NA,NA,NA,NA,NA,NA,NA,NA,NA,NA,NA,NA,NA,NA,NA,NA
"Flask04","D3",2.93,10,0.673,"MRTA","HP","B","F2",252,0,8,4,264,0,264,6.08880952380952,NA,4.73125,4.4175,0.147091900930317,NA,0.294736565185155,0.141273965518539,5.80845238095238,NA,4.30875,0,0.176593444768894,NA,0.54781220713463,0,30,93,0,2,30.4878048780488,94.5121951219512,125,6.07333333333333,4.97354838709677,NA,4.57,0.194924093684825,0.196726720413228,NA,0.0282842712474619,5.97166666666667,3.90268817204301,NA,0,0.274277525363527,0.233904197152457,NA,0
"Flask05","D3",2.92,5,0.298,"MRTA","00","C","F2",188,0,2,0,190,0,190,6.14494680851064,NA,4.705,NA,0.158010685824344,NA,0.502045814642449,NA,5.93845744680851,NA,4.065,NA,0.16752129179982,NA,0.417193000900063,NA,NA,NA,NA,NA,NA,NA,NA,NA,NA,NA,NA,NA,NA,NA,NA,NA,NA,NA,NA,NA,NA,NA,NA
"Flask06","D3",2.92,10,0.376,"MRTA","HP","C","F2",162,0,4,1,167,0,167,6.10666666666667,NA,4.9525,4.21,0.160797700919876,NA,0.10688779163216,NA,5.81895061728395,NA,4.06,0,0.181329143867624,NA,0.367514172062339,NA,22,98,0,5,22.9166666666667,102.083333333333,125,6.03590909090909,4.93265306122449,NA,4.486,0.173580202154758,0.164351590813425,NA,0.331858403539823,5.78545454545455,3.88459183673469,NA,0,0.160793486978004,0.22058576361119,NA,0
