"Flask","Day","Time","Dilution","Aspirated.vol","Meso","Prey","Replicate","Medium","M.Red","M.Blue","M.Undefined","M.Nonfluorescent","M.TotRed","M.TotBlue","TotalMeso","M.Red.meanCh1peak","M.Blue.meanCh1peak","M.Undefined.meanCh1peak","M.Nonfluorescent.meanCh1peak","M.Red.sdCh1peak","M.Blue.sdCh1peak","M.Undefined.sdCh1peak","M.Nonfluorescent.sdCh1peak","M.Red.meanCh2peak","M.Blue.meanCh2peak","M.Undefined.meanCh2peak","M.Nonfluorescent.meanCh2peak","M.Red.sdCh2peak","M.Blue.sdCh2peak","M.Undefined.sdCh2peak","M.Nonfluorescent.sdCh2peak","C.Red","C.Blue","C.Undefined","C.Nonfluorescent","C.TotRed","C.TotBlue","TotalCrypto","C.Red.meanCh1peak","C.Blue.meanCh1peak","C.Undefined.meanCh1peak","C.Nonfluorescent.meanCh1peak","C.Red.sdCh1peak","C.Blue.sdCh1peak","C.Undefined.sdCh1peak","C.Nonfluorescent.sdCh1peak","C.Red.meanCh2peak","C.Blue.meanCh2peak","C.Undefined.meanCh2peak","C.Nonfluorescent.meanCh2peak","C.Red.sdCh2peak","C.Blue.sdCh2peak","C.Undefined.sdCh2peak","C.Nonfluorescent.sdCh2peak"
"Flask07","D19",19.14,5,0.725,"MRHP","00","A","F2",227,109,10,2,235.107142857143,112.892857142857,348,5.89947136563877,5.85559633027523,4.59,4.635,0.207632424572771,0.211758209393798,0.222111083319436,0.219203102167829,5.46696035242291,4.09302752293578,4.028,0,0.335287504703791,0.216972026645338,0.648499121904657,0,NA,NA,NA,NA,NA,NA,NA,NA,NA,NA,NA,NA,NA,NA,NA,NA,NA,NA,NA,NA,NA,NA,NA
"Flask08","D19",19.13,10,0.701,"MRHP","00","B","F2",233,92,0,2,234.433846153846,92.5661538461539,327,5.86231759656652,5.78086956521739,NA,2.27,0.190617740086221,0.289716239246828,NA,3.21026478658693,5.41669527896996,4.02445652173913,NA,2.15,0.347182969777433,0.307593867136288,NA,3.04055915910215,NA,NA,NA,NA,NA,NA,NA,NA,NA,NA,NA,NA,NA,NA,NA,NA,NA,NA,NA,NA,NA,NA,NA
"Flask09","D19",19.13,5,0.986,"MRHP","00","C","F2",276,142,2,14,286.564593301435,147.435406698565,434,5.86724637681159,5.80957746478873,4.58,5.14714285714286,0.189171468599996,0.229850007334221,0.155563491861041,0.640401659674837,5.37079710144928,4.04246478873239,3.965,0,0.331121645527776,0.245825246756436,0.134350288425444,0,NA,NA,NA,NA,NA,NA,NA,NA,NA,NA,NA,NA,NA,NA,NA,NA,NA,NA,NA,NA,NA,NA,NA
"Flask10","D19",19.13,10,0.704,"MRHP","TA","A","F2",413,2,10,4,426.932530120482,2.06746987951807,429,6.07762711864407,6.02,4.371,4.44,0.137230535396895,0.254558441227157,0.186336016677161,0.264449112937316,5.81329297820823,4.145,4.277,0,0.167216805590628,0.0212132034355966,0.516334301699113,0,7,0,0,0,7,0,7,5.29857142857143,NA,NA,NA,0.533773627780809,NA,NA,NA,5.27428571428571,NA,NA,NA,0.398909227053689,NA,NA,NA
"Flask11","D19",19.13,5,0.623,"MRHP","TA","B","F2",395,1,6,2,402.979797979798,1.02020202020202,404,6.06205063291139,5.92,4.41166666666667,4.315,0.143407047198339,NA,0.499175987670347,0.00707106781186595,5.8006582278481,4.19,4.35666666666667,0,0.155470702193392,NA,0.15461780837493,0,2,0,0,0,2,0,2,5.635,NA,NA,NA,0.304055915910215,NA,NA,NA,5.83,NA,NA,NA,0.820243866176395,NA,NA,NA
"Flask12","D19",19.13,10,0.961,"MRHP","TA","C","F2",683,2,19,1,702.941605839416,2.05839416058394,705,6.06932650073206,5.84,4.61631578947368,4.32,0.14545151760673,0.0707106781186545,0.483714912897116,NA,5.79405563689605,3.885,4.12736842105263,0,0.165959689686613,0.205060966544099,0.631434364542465,NA,8,0,0,0,8,0,8,5.825,NA,NA,NA,0.310759438426942,NA,NA,NA,5.76375,NA,NA,NA,0.489283368086137,NA,NA,NA
