"Flask","Day","Time","Dilution","Aspirated.vol","Meso","Prey","Replicate","Medium","M.Red","M.Blue","M.Undefined","M.Nonfluorescent","M.TotRed","M.TotBlue","TotalMeso","M.Red.meanCh1peak","M.Blue.meanCh1peak","M.Undefined.meanCh1peak","M.Nonfluorescent.meanCh1peak","M.Red.sdCh1peak","M.Blue.sdCh1peak","M.Undefined.sdCh1peak","M.Nonfluorescent.sdCh1peak","M.Red.meanCh2peak","M.Blue.meanCh2peak","M.Undefined.meanCh2peak","M.Nonfluorescent.meanCh2peak","M.Red.sdCh2peak","M.Blue.sdCh2peak","M.Undefined.sdCh2peak","M.Nonfluorescent.sdCh2peak","C.Red","C.Blue","C.Undefined","C.Nonfluorescent","C.TotRed","C.TotBlue","TotalCrypto","C.Red.meanCh1peak","C.Blue.meanCh1peak","C.Undefined.meanCh1peak","C.Nonfluorescent.meanCh1peak","C.Red.sdCh1peak","C.Blue.sdCh1peak","C.Undefined.sdCh1peak","C.Nonfluorescent.sdCh1peak","C.Red.meanCh2peak","C.Blue.meanCh2peak","C.Undefined.meanCh2peak","C.Nonfluorescent.meanCh2peak","C.Red.sdCh2peak","C.Blue.sdCh2peak","C.Undefined.sdCh2peak","C.Nonfluorescent.sdCh2peak"
"Flask01","D6",5.49,5,0.248,"MRTA","00","A","F2",265,0,3,1,269,0,269,6.11011320754717,NA,4.64,4.66,0.147091712832473,NA,0.389743505398101,NA,5.86422641509434,NA,3.85,0,0.167452689101963,NA,0.732598116295695,NA,NA,NA,NA,NA,NA,NA,NA,NA,NA,NA,NA,NA,NA,NA,NA,NA,NA,NA,NA,NA,NA,NA,NA
"Flask02","D6",5.48,20,0.744,"MRTA","HP","A","F2",290,0,7,1,298,0,298,6.14820689655172,NA,4.91285714285714,4.82,0.166478565452256,NA,0.369039938476144,NA,5.67434482758621,NA,3.60714285714286,0,0.199099404127734,NA,0.982390185308504,NA,71,248,0,6,72.3354231974922,252.664576802508,325,5.87760563380282,5.10274193548387,NA,4.395,0.294062504476915,0.207094176428041,NA,0.336496656744165,5.89971830985916,3.80717741935484,NA,0,0.358117984672194,0.277652275713162,NA,0
"Flask03","D6",5.48,5,0.28,"MRTA","00","B","F2",324,0,10,0,334,0,334,6.07759259259259,NA,4.783,NA,0.161328868414707,NA,0.372500559283696,NA,5.85126543209877,NA,4.187,NA,0.186050537200762,NA,0.429548858946479,NA,NA,NA,NA,NA,NA,NA,NA,NA,NA,NA,NA,NA,NA,NA,NA,NA,NA,NA,NA,NA,NA,NA,NA
"Flask04","D6",5.48,20,0.824,"MRTA","HP","B","F2",288,1,8,1,296.968858131488,1.03114186851211,298,6.14857638888889,5.79,5.01375,4.35,0.163369531738642,NA,0.283344187467166,NA,5.7078125,3.96,4.0325,0,0.202836350120765,NA,0.343999584717357,NA,59,287,0,7,60.1936416184971,292.806358381503,353,5.90864406779661,5.0881881533101,NA,4.57714285714286,0.275007571225673,0.173070358784901,NA,0.361419160427072,5.93728813559322,3.84024390243902,NA,0,0.324764267337969,0.238272357875132,NA,0
"Flask05","D6",5.48,5,0.251,"MRTA","00","C","F2",284,0,5,2,291,0,291,6.11605633802817,NA,4.652,4.44,0.146444107677531,NA,0.335812447654937,0,5.88964788732394,NA,4.01,0,0.157457322601239,NA,0.687131719541457,0,NA,NA,NA,NA,NA,NA,NA,NA,NA,NA,NA,NA,NA,NA,NA,NA,NA,NA,NA,NA,NA,NA,NA
"Flask06","D6",5.48,20,0.628,"MRTA","HP","C","F2",233,1,7,2,241.961538461538,1.03846153846154,243,6.16068669527897,5.93,4.84571428571429,4.22,0.168539493590694,NA,0.257478616772807,0.127279220613578,5.67077253218884,4.02,3.99571428571429,0,0.200978864734214,NA,0.233584898402925,0,60,206,0,5,61.1278195488722,209.872180451128,271,6.05566666666667,5.11611650485437,NA,4.374,0.294821788553102,0.195092138380736,NA,0.312617977730008,5.767,3.80106796116505,NA,0,0.278612178058878,0.31996009696747,NA,0
