"Flask","Day","Time","Dilution","Aspirated.vol","Meso","Prey","Replicate","Medium","M.Red","M.Blue","M.Undefined","M.Nonfluorescent","M.TotRed","M.TotBlue","TotalMeso","M.Red.meanCh1peak","M.Blue.meanCh1peak","M.Undefined.meanCh1peak","M.Nonfluorescent.meanCh1peak","M.Red.sdCh1peak","M.Blue.sdCh1peak","M.Undefined.sdCh1peak","M.Nonfluorescent.sdCh1peak","M.Red.meanCh2peak","M.Blue.meanCh2peak","M.Undefined.meanCh2peak","M.Nonfluorescent.meanCh2peak","M.Red.sdCh2peak","M.Blue.sdCh2peak","M.Undefined.sdCh2peak","M.Nonfluorescent.sdCh2peak","C.Red","C.Blue","C.Undefined","C.Nonfluorescent","C.TotRed","C.TotBlue","TotalCrypto","C.Red.meanCh1peak","C.Blue.meanCh1peak","C.Undefined.meanCh1peak","C.Nonfluorescent.meanCh1peak","C.Red.sdCh1peak","C.Blue.sdCh1peak","C.Undefined.sdCh1peak","C.Nonfluorescent.sdCh1peak","C.Red.meanCh2peak","C.Blue.meanCh2peak","C.Undefined.meanCh2peak","C.Nonfluorescent.meanCh2peak","C.Red.sdCh2peak","C.Blue.sdCh2peak","C.Undefined.sdCh2peak","C.Nonfluorescent.sdCh2peak"
"Flask01","D1",1,5,0.958,"MRTA","00","A","F2",386,0,6,3,395,0,395,6.16484455958549,NA,4.74333333333333,4.32666666666667,0.139330874750131,NA,0.354494945897211,0.211266025033211,5.97069948186529,NA,4.27666666666667,0,0.184332499829079,NA,0.405594214291411,0,NA,NA,NA,NA,NA,NA,NA,NA,NA,NA,NA,NA,NA,NA,NA,NA,NA,NA,NA,NA,NA,NA,NA
"Flask02","D1",1,10,0.983,"MRTA","HP","A","F2",201,0,12,0,213,0,213,6.21019900497512,NA,5.04333333333333,NA,0.137669750486463,NA,0.158305420187074,NA,5.89253731343284,NA,4.11166666666667,NA,0.147414483178371,NA,0.264053484022162,NA,82,1359,0,38,84.1623872310895,1394.83761276891,1479,6.18853658536585,5.05262693156733,NA,4.62894736842105,0.183909008306675,0.220314612795922,NA,0.31318580508446,5.92475609756098,3.89403973509934,NA,0,0.186919310575618,0.282729336387519,NA,0
"Flask03","D1",1,5,0.959,"MRTA","00","B","F2",472,0,5,0,477,0,477,6.19444915254237,NA,4.71,NA,0.128440397998143,NA,0.43433857760968,NA,5.93963983050847,NA,4.186,NA,0.137031299376779,NA,0.396396266379995,NA,NA,NA,NA,NA,NA,NA,NA,NA,NA,NA,NA,NA,NA,NA,NA,NA,NA,NA,NA,NA,NA,NA,NA
"Flask04","D1",1,20,0.985,"MRTA","HP","B","F2",117,0,2,1,120,0,120,6.23623931623932,NA,4.72,4.12,0.137932557831258,NA,0.29698484809835,NA,5.91452991452991,NA,4.145,0,0.146408119513487,NA,0.23334523779156,NA,35,614,0,12,35.6471494607088,625.352850539291,661,6.16942857142857,5.02703583061889,NA,4.56666666666667,0.215351188651889,0.220690763444464,NA,0.308053517585775,5.952,3.89947882736156,NA,0,0.169059683161268,0.268660605147398,NA,0
"Flask05","D1",1,5,0.464,"MRTA","00","C","F2",185,0,2,0,187,0,187,6.18697297297297,NA,4.34,NA,0.124461991423278,NA,0.113137084989848,NA,5.94708108108108,NA,4.175,NA,0.144670235659521,NA,0.0494974746830585,NA,NA,NA,NA,NA,NA,NA,NA,NA,NA,NA,NA,NA,NA,NA,NA,NA,NA,NA,NA,NA,NA,NA,NA
"Flask06","D1",1,20,0.984,"MRTA","HP","C","F2",130,0,1,0,131,0,131,6.21523076923077,NA,5.31,NA,0.157343328669897,NA,NA,NA,5.88615384615385,NA,3.62,NA,0.142901194332593,NA,NA,NA,34,575,0,16,34.8932676518883,590.106732348112,625,6.11,5.01805217391304,NA,4.595625,0.277597921571121,0.197284785200853,NA,0.395440155607226,6.03441176470588,3.87624347826087,NA,0,0.251916185875148,0.256181031895149,NA,0
